algorithm,bucket_size,count,norm_min,norm_max,norm_mean,norm_std,fairness_correlation,p_value,compute_time,gpu_accelerated
vtc_adaptive_balanced_min5000,500,4000000,0.0145211707871554,1.9999870409331564,0.7696456882915499,0.44445517209580554,0.9394474345856237,0.0,0.029122591018676758,True
vtc_adaptive_balanced_min5000,8000,3153223,0.0148108684070325,1.999996595233763,0.7965978136517966,0.45999995492257006,0.8371934693423966,0.0,0.021705150604248047,True
vtc_adaptive_balanced_min5000,8000,4000000,0.0233862590888855,1.999973778322198,1.0260173125839145,0.5866374730496638,0.9381591422641087,0.0,0.027624130249023438,True
vtc_adaptive_balanced_min500,1000,4000000,0.0198808465817451,1.9999865721344936,1.0468652759877959,0.5983271593780273,0.891336853518733,0.0,0.026189088821411133,True
vtc_adaptive_balanced_min500,1000,4000000,0.0163740170203598,1.999993152401756,1.0664799966298097,0.6084826851337625,0.8406318256172352,0.0,0.02735447883605957,True
vtc_adaptive_balanced_min500,1000,4000000,0.0097988206729101,1.999973729306246,1.0207418947902078,0.5844666331381871,0.942575169334076,0.0,0.025739431381225586,True
vtc_adaptive_balanced_min500,2000,4000000,0.0109092434859228,1.9999933026074823,0.7907184032079854,0.4570291874098913,0.8964974949765991,0.0,0.025890111923217773,True
vtc_adaptive_balanced_min500,2000,4000000,0.0201882130277062,1.9999931237616324,1.0658560033666236,0.6103437846134677,0.844281039949931,0.0,0.02588677406311035,True
vtc_adaptive_balanced_min500,2000,4000000,0.0149317188483189,1.9999966157756024,0.7977473735288256,0.46147839874941726,0.8406992947046478,0.0,0.0309908390045166,True
vtc_adaptive_balanced_min500,2000,4000000,0.0199355345486064,1.9999737393199453,1.023531739397805,0.5853038228065242,0.9388949406692274,0.0,0.02538132667541504,True
vtc_adaptive_balanced_min500,4000,4000000,0.0104264731189326,1.999986867664072,0.772903873200176,0.4471624685755856,0.9389883235193708,0.0,0.02609562873840332,True
vtc_adaptive_balanced_min500,500,4000000,0.0296006360467249,1.9999866006453664,1.0465401249499235,0.5990378201576345,0.8959410359821525,0.0,0.028674840927124023,True
vtc_adaptive_balanced_min500,8000,4000000,0.0197998631542935,1.9999933356769537,0.7886329652574673,0.455104147053457,0.8907328212770228,0.0,0.025257587432861328,True
vtc_adaptive_balanced_min500,8000,4000000,0.0239924939683674,1.9999931465395264,1.0588667108436547,0.6067620193560296,0.8482030515581873,0.0,0.028875112533569336,True
vtc_adaptive_equal_weights,1000,4000000,0.0200278776318685,1.999986472275063,1.0536541960066723,0.6020870849920816,0.8942518452965815,0.0,0.026484251022338867,True
vtc_adaptive_equal_weights,1000,4000000,0.0273716055607577,1.999993161257113,1.0588122823415058,0.6060881651708028,0.8455864737156357,0.0,0.025313615798950195,True
vtc_adaptive_equal_weights,16000,4000000,0.0174822976015293,1.9999866105873436,1.0510819269544711,0.6008689576665937,0.8939866456078709,0.0,0.025372028350830078,True
vtc_adaptive_equal_weights,16000,4000000,0.0169965336016996,1.9999931544378,1.070233430857148,0.6110899829334528,0.8421157681037272,0.0,0.026022672653198242,True
vtc_adaptive_equal_weights,16000,4000000,0.0064474391166569,1.999987131032216,0.7670854203519771,0.4426799448790381,0.9400803075879751,0.0,0.02699112892150879,True
vtc_adaptive_equal_weights,2000,4000000,0.0283353010625737,1.9999865376796884,1.0498122888419348,0.6008704669936674,0.892373279926321,0.0,0.025414466857910156,True
vtc_adaptive_equal_weights,2000,4000000,0.0139710845643062,1.9999931637991997,1.0620824508804527,0.6080111344220099,0.8472966719906132,0.0,0.025571346282958984,True
vtc_adaptive_equal_weights,2000,4000000,0.0164142006284293,1.9999741082425635,1.0145373764103587,0.5803939766436993,0.9400187437606803,0.0,0.02487945556640625,True
vtc_adaptive_equal_weights,4000,4000000,0.009435614093111,1.9999933024244687,0.7832786777692927,0.45117560879190044,0.894195772930302,0.0,0.02946329116821289,True
vtc_adaptive_equal_weights,4000,4000000,0.0256453114926335,1.9999931643592563,1.064304457781914,0.6090932160629013,0.8465549608194536,0.0,0.025147438049316406,True
vtc_adaptive_equal_weights,4000,4000000,0.0133303576275582,1.9999966136371845,0.7983627792251048,0.4615619441162825,0.8401942477591907,0.0,0.025235652923583984,True
vtc_adaptive_equal_weights,500,4000000,0.0149096031932378,1.9999933640377097,0.7843469377826222,0.45236052948020455,0.8884428767870602,0.0,0.024897336959838867,True
vtc_adaptive_equal_weights,500,4000000,0.0153249955962656,1.999973717195446,1.0274244838020552,0.5878607778739507,0.9419610830611039,0.0,0.025333166122436523,True
vtc_adaptive_equal_weights,8000,4000000,0.0109073866299299,1.9999966050198248,0.7946711389562966,0.45859644714730463,0.8408594237562341,0.0,0.02555370330810547,True
vtc_adaptive_equal_weights_min2500,1000,4000000,0.01511641603518,1.999986589086319,1.0450422532460997,0.5965206512203822,0.8883693483325809,0.0,0.02635335922241211,True
vtc_adaptive_equal_weights_min2500,1000,4000000,0.0085748312822548,1.999993396892208,0.7824676493965146,0.450574486740307,0.8882056860776011,0.0,0.02556157112121582,True
vtc_adaptive_equal_weights_min2500,1000,4000000,0.0098659798314925,1.9999931332655312,1.0631294509898606,0.6074023140982997,0.8483158050983625,0.0,0.025341510772705078,True
vtc_adaptive_equal_weights_min2500,1000,4000000,0.0145812731468016,1.999996592276053,0.7973264887634183,0.460593932089798,0.8410970550983621,0.0,0.026328563690185547,True
vtc_adaptive_equal_weights_min2500,1000,4000000,0.0344084502066626,1.9999738552146231,1.0223764529293835,0.5849697699688915,0.9396453567000558,0.0,0.02535557746887207,True
vtc_adaptive_equal_weights_min2500,16000,4000000,0.0091586172365593,1.9999933154405505,0.7854742359919793,0.45400064071199653,0.8927832185878756,0.0,0.026272058486938477,True
vtc_adaptive_equal_weights_min2500,16000,4000000,0.0242673282679485,1.9999931591460367,1.0657296686298894,0.6100120887368898,0.8452391575894188,0.0,0.02537083625793457,True
vtc_adaptive_equal_weights_min2500,16000,4000000,0.0180064500716674,1.9999966082044347,0.7977303684126268,0.4606860637958601,0.842059417790329,0.0,0.02528858184814453,True
vtc_adaptive_equal_weights_min2500,16000,4000000,0.0218756961461349,1.9999737579265824,1.0256359008501434,0.5867182827191315,0.9368663825838517,0.0,0.025135278701782227,True
vtc_adaptive_equal_weights_min2500,2000,4000000,0.0196883811233499,1.9999933819361733,0.7806914212263932,0.4513321854677653,0.8870581029250278,0.0,0.025569438934326172,True
vtc_adaptive_equal_weights_min2500,4000,4000000,0.0140847856620047,1.9999738391960784,1.0241760884611335,0.5854995003478247,0.9372588566322789,0.0,0.03253769874572754,True
vtc_adaptive_equal_weights_min2500,500,4000000,0.0132942974460954,1.999996571595936,0.8039119730609388,0.46263404131126923,0.8420007585284177,0.0,0.02576446533203125,True
vtc_adaptive_equal_weights_min2500,500,4000000,0.0281813599807157,1.9999745091481569,1.007871863227573,0.5765267051967722,0.9376381338288214,0.0,0.02541828155517578,True
vtc_adaptive_equal_weights_min2500,8000,4000000,0.0171828908554572,1.99998658396306,1.0479473416594107,0.598849130758285,0.8953797208416534,0.0,0.025626659393310547,True
vtc_adaptive_equal_weights_min5000,1000,4000000,0.0223435446365382,1.999986567389827,1.050761717428459,0.6013694584318497,0.8941337942327576,0.0,0.025661468505859375,True
vtc_adaptive_equal_weights_min5000,1000,4000000,0.0176721737516242,1.9999966251886037,0.8001803353603957,0.46151860151821317,0.8403682916177616,0.0,0.02650165557861328,True
vtc_adaptive_equal_weights_min5000,1000,4000000,0.034741899716644,1.999974203893458,1.016120074159995,0.5810970113165125,0.9353900209181134,0.0,0.026496171951293945,True
vtc_adaptive_equal_weights_min5000,16000,4000000,0.0205998965695569,1.9999865259953635,1.0495096466792044,0.6000250225061576,0.8918778175919645,0.0,0.02637624740600586,True
vtc_adaptive_equal_weights_min5000,16000,4000000,0.0124619134673979,1.9999932491208412,0.7923023259754369,0.4569541332807914,0.8944290073147639,0.0,0.028185606002807617,True
vtc_adaptive_equal_weights_min5000,16000,4000000,0.0133175783693612,1.9999869625966025,0.7792912567750309,0.4506616513581016,0.9390241001223093,0.0,0.025873422622680664,True
vtc_adaptive_equal_weights_min5000,2000,4000000,0.0345746409306557,1.9999866292088408,1.0410231869264877,0.5954082491532411,0.8911145374319481,0.0,0.026063919067382812,True
vtc_adaptive_equal_weights_min5000,2000,4000000,0.0094674793086538,1.9999933293095729,0.7854918271919011,0.4526777694300506,0.8924476952487803,0.0,0.025416135787963867,True
vtc_adaptive_equal_weights_min5000,2000,4000000,0.0247573980729005,1.9999738067604227,1.0285095604563863,0.5877995292134062,0.9386273222248512,0.0,0.025866985321044922,True
vtc_adaptive_equal_weights_min5000,4000,4000000,0.0195830353704824,1.9999865233160783,1.048220107315674,0.5994839757123783,0.8931335269094111,0.0,0.026076316833496094,True
vtc_adaptive_equal_weights_min5000,4000,4000000,0.0175700723443364,1.999996622362591,0.7943978516001184,0.45860559174853505,0.8439066322243375,0.0,0.02619147300720215,True
vtc_adaptive_equal_weights_min5000,4000,4000000,0.0191510647420323,1.9999744921157043,1.0034226644793214,0.5737249351635596,0.9335911475907908,0.0,0.026563167572021484,True
vtc_adaptive_equal_weights_min5000,500,4000000,0.0212098511096544,1.999986505642092,1.0565901995027447,0.6036839232318115,0.8938238795331214,0.0,0.025605201721191406,True
vtc_adaptive_equal_weights_min5000,500,4000000,0.0161322937964814,1.999996635626225,0.7993299989423462,0.46096962751749304,0.8423838432805377,0.0,0.028697490692138672,True
vtc_adaptive_equal_weights_min5000,500,4000000,0.0127432409161356,1.9999737273667832,1.0336498981583007,0.590653697606564,0.9401705946335206,0.0,0.025551795959472656,True
vtc_adaptive_equal_weights_min5000,500,4000000,0.0101262527658466,1.999986892891858,0.7739263769984015,0.44869995759471876,0.9380365587480637,0.0,0.026328086853027344,True
vtc_adaptive_equal_weights_min5000,8000,4000000,0.0065412096206098,1.9999933345633285,0.7848193891654359,0.45242479040384864,0.888142902354542,0.0,0.02540302276611328,True
vtc_adaptive_equal_weights_min500,1000,4000000,0.0118011801180118,1.9999965949396377,0.8014477432938406,0.46242251104237025,0.8399800031221747,0.0,0.025888442993164062,True
vtc_adaptive_equal_weights_min500,1000,4000000,0.018489020366367,1.999973865118924,1.0224858172532194,0.5849940283926649,0.9406321828581511,0.0,0.025300264358520508,True
vtc_adaptive_equal_weights_min500,1000,4000000,0.0124541835809719,1.9999871008128876,0.7633373863806326,0.4416189256180781,0.9356970163192907,0.0,0.02628803253173828,True
vtc_adaptive_equal_weights_min500,16000,4000000,0.0100918312314841,1.9999966134249656,0.7956150616219085,0.4599634052538966,0.8431371797161927,0.0,0.025740623474121094,True
vtc_adaptive_equal_weights_min500,16000,4000000,0.0309510650057395,1.9999735807164596,1.032829742418296,0.5898936977834552,0.9408500347873378,0.0,0.025237321853637695,True
vtc_adaptive_equal_weights_min500,16000,4000000,0.0150956852490193,1.9999869129312735,0.7782538807244608,0.44875833670461096,0.9415514227512563,0.0,0.025434017181396484,True
vtc_adaptive_equal_weights_min500,2000,4000000,0.0134638189811099,1.999993285688805,0.7891771054619351,0.4552903238342048,0.8951637282531631,0.0,0.026080608367919922,True
vtc_adaptive_equal_weights_min500,2000,4000000,0.0138634420422621,1.999987083386749,0.7707737475720158,0.4452080987435627,0.9353073443200286,0.0,0.02592325210571289,True
vtc_adaptive_equal_weights_min500,4000,4000000,0.0245082895685305,1.999986652735682,1.0509793938397696,0.6003513424306808,0.8920211310401458,0.0,0.025366783142089844,True
vtc_adaptive_equal_weights_min500,8000,4000000,0.013862167628632,1.999993347021172,0.7848662927312832,0.454931337354853,0.8932429587763581,0.0,0.02805018424987793,True
vtc_adaptive_fairness_03_07,1000,4000000,0.0083086053412462,1.999993298137385,0.7880578672691192,0.453972455317147,0.8894075251295392,0.0,0.025475502014160156,True
vtc_adaptive_fairness_03_07,1000,4000000,0.0215617072901731,1.9999931121296053,1.0642965452982738,0.6078974245686725,0.8464024431214474,0.0,0.025584697723388672,True
vtc_adaptive_fairness_03_07,16000,4000000,0.0187651466305,1.9999867697077112,1.0566464036860665,0.6042536353285715,0.8913562432719441,0.0,0.02564549446105957,True
vtc_adaptive_fairness_03_07,16000,4000000,0.0069060915005891,1.999993317160193,0.7869688914346046,0.4539410803800524,0.8889048989913734,0.0,0.025830984115600586,True
vtc_adaptive_fairness_03_07,16000,4000000,0.0141975308641975,1.999986964216252,0.7716934977567869,0.445484366404015,0.9351896088596637,0.0,0.028009414672851562,True
vtc_adaptive_fairness_03_07,2000,4000000,0.0131667676271244,1.9999933423907887,0.7851555271851963,0.4541717940583576,0.8916786978303665,0.0,0.02603602409362793,True
vtc_adaptive_fairness_03_07,2000,4000000,0.0225054994641547,1.9999931866693508,1.0578919601462646,0.6052899093321162,0.848517769893252,0.0,0.025010347366333008,True
vtc_adaptive_fairness_03_07,4000,4000000,0.020594451189352,1.9999934290108776,0.7852192705223726,0.452220696807546,0.8956748724652112,0.0,0.025649309158325195,True
vtc_adaptive_fairness_03_07,4000,4000000,0.0171164281292108,1.999973948088962,1.0182809302541371,0.5817263269133848,0.9369216446181178,0.0,0.02539825439453125,True
vtc_adaptive_fairness_03_07,4000,4000000,0.0200067083637511,1.9999870769569157,0.765138398058953,0.44180076504905197,0.930610218234215,0.0,0.02567005157470703,True
vtc_adaptive_fairness_03_07,500,4000000,0.0157844080846968,1.9999933783999435,0.7881750920768207,0.4544098955096693,0.8893792464635238,0.0,0.026062965393066406,True
vtc_adaptive_fairness_03_07,500,4000000,0.0180611724056696,1.999996618964596,0.7964119212547967,0.46016968212493337,0.8409731943054478,0.0,0.02520895004272461,True
vtc_adaptive_fairness_03_07,500,4000000,0.0211532149239578,1.9999738448136943,1.0250442196105307,0.5862876806394904,0.9409017309302784,0.0,0.025724411010742188,True
vtc_adaptive_fairness_03_07_min2500,16000,4000000,0.0124033505154639,1.9999933609773384,0.789382882210877,0.4552517407968304,0.8888467677495299,0.0,0.02572488784790039,True
vtc_adaptive_fairness_03_07_min2500,4000,4000000,0.0223541739434159,1.9999865742680945,1.0492388468963691,0.6001683427256422,0.8940177625525159,0.0,0.02518773078918457,True
vtc_adaptive_fairness_03_07_min2500,4000,4000000,0.0169352475827717,1.999993337635888,0.7839423032975965,0.45080913900523756,0.8954709415298302,0.0,0.02560257911682129,True
vtc_adaptive_fairness_03_07_min2500,4000,4000000,0.0272917150150847,1.9999931158779145,1.061237868162429,0.6071700316946863,0.8481789550405645,0.0,0.026288509368896484,True
vtc_adaptive_fairness_03_07_min2500,4000,4000000,0.0145429471407751,1.9999965939289983,0.8006804635273206,0.4611246610675037,0.8349015325994908,0.0,0.026014328002929688,True
vtc_adaptive_fairness_03_07_min2500,4000,4000000,0.0132526994391553,1.9999869786614115,0.7675095623885102,0.4436767471163137,0.9376508678318215,0.0,0.02857351303100586,True
vtc_adaptive_fairness_03_07_min2500,500,4000000,0.0180664925475718,1.999996615114465,0.7969751754049232,0.45978976597809657,0.8449610345145538,0.0,0.025919675827026367,True
vtc_adaptive_fairness_03_07_min2500,8000,4000000,0.0221653878942881,1.9999866399635164,1.0476419923875961,0.5995624710460391,0.8913074703535996,0.0,0.025818347930908203,True
vtc_adaptive_fairness_03_07_min2500,8000,4000000,0.0164766915095718,1.9999966304916812,0.79617045112923,0.4588351986274549,0.8393580894983678,0.0,0.025923728942871094,True
vtc_adaptive_fairness_03_07_min5000,1000,4000000,0.0216785555060187,1.9999965749703457,0.802589737646909,0.4632890751157198,0.8411432939211165,0.0,0.02585577964782715,True
vtc_adaptive_fairness_03_07_min5000,1000,4000000,0.0262323127918166,1.9999738830532747,1.026682582227196,0.587522222475849,0.9396939579252627,0.0,0.027657508850097656,True
vtc_adaptive_fairness_03_07_min5000,1000,4000000,0.0082785624388197,1.999986995501874,0.768973909125682,0.44287430991979737,0.9380359259392507,0.0,0.027439355850219727,True
vtc_adaptive_fairness_03_07_min5000,16000,4000000,0.0135981056432138,1.99999333801582,0.7808922825670567,0.4526232988075498,0.8924042383636579,0.0,0.02795243263244629,True
vtc_adaptive_fairness_03_07_min5000,16000,4000000,0.0178662498971785,1.9999931255378192,1.068647512700266,0.6102465772048323,0.8432264657083876,0.0,0.027114152908325195,True
vtc_adaptive_fairness_03_07_min5000,16000,4000000,0.0132079473944707,1.9999870101798625,0.7751642769511984,0.44698062501143243,0.9379377437447352,0.0,0.025696277618408203,True
vtc_adaptive_fairness_03_07_min5000,2000,4000000,0.0215378243247241,1.9999931362878247,1.0668333388009077,0.6090960476824608,0.8454856638136748,0.0,0.026265382766723633,True
vtc_adaptive_fairness_03_07_min5000,4000,4000000,0.0110245514636449,1.999993276968332,0.7858056317723147,0.4540316394918263,0.8987733087151892,0.0,0.02690911293029785,True
vtc_adaptive_fairness_03_07_min5000,4000,4000000,0.0179240138156698,1.999993222719532,1.0549868729172251,0.6033345040842593,0.8438955434511602,0.0,0.026067018508911133,True
vtc_adaptive_fairness_03_07_min5000,4000,4000000,0.0215903106898367,1.999974258864443,1.0099499041509095,0.5774373083668521,0.9345534644475993,0.0,0.025687217712402344,True
vtc_adaptive_fairness_03_07_min5000,4000,4000000,0.018495376155961,1.9999868622043615,0.7727005557928038,0.4461935759623472,0.9386820642335668,0.0,0.025603771209716797,True
vtc_adaptive_fairness_03_07_min5000,500,4000000,0.0218339088277353,1.9999867196358416,1.0330713705431442,0.5905947765922315,0.8908186843677063,0.0,0.025681018829345703,True
vtc_adaptive_fairness_03_07_min5000,500,4000000,0.0207053951671725,1.9999931399428337,1.0669218400717593,0.609416536550868,0.8465354545273176,0.0,0.02613997459411621,True
vtc_adaptive_fairness_03_07_min5000,500,4000000,0.0210418852621728,1.9999869603092024,0.7661898535052613,0.4415090940612174,0.9375411926519731,0.0,0.025457382202148438,True
vtc_adaptive_fairness_03_07_min5000,8000,4000000,0.0098026936532985,1.9999933654965216,0.7848627281201237,0.4530216535250286,0.8936254610859954,0.0,0.025734901428222656,True
vtc_adaptive_fairness_03_07_min500,1000,4000000,0.0162595390574069,1.999987158682599,0.758297792017161,0.4377962365055867,0.9366478135236129,0.0,0.02616596221923828,True
vtc_adaptive_fairness_03_07_min500,16000,4000000,0.0240160441213336,1.999986729078924,1.0408573820623668,0.5945334939285617,0.8912994111057788,0.0,0.025570154190063477,True
vtc_adaptive_fairness_03_07_min500,2000,4000000,0.0165125848340725,1.9999933440020103,0.7824691435685501,0.4524442998574689,0.8901338393917058,0.0,0.025563716888427734,True
vtc_adaptive_fairness_03_07_min500,4000,4000000,0.0139989196975153,1.9999872830496213,0.762542794562889,0.4408123587473259,0.9369752491168583,0.0,0.025699377059936523,True
vtc_adaptive_fairness_03_07_min500,500,4000000,0.0294957463719054,1.9999931577022705,1.0587862251186397,0.6060179254941617,0.8438844016917524,0.0,0.025507211685180664,True
vtc_adaptive_fairness_03_07_min500,500,4000000,0.0103707348460475,1.9999870265779365,0.7656110844751094,0.4415528472543784,0.9340172376591384,0.0,0.025814533233642578,True
vtc_adaptive_fairness_03_07_min500,8000,4000000,0.0156738412074662,1.999993154978776,1.0605908810260267,0.6063920931280941,0.8424233228683831,0.0,0.026337385177612305,True
vtc_adaptive_fairness_07_03,1000,4000000,0.01951934752228,1.999986606930003,1.0492636927113392,0.5994994451327555,0.8953125578848641,0.0,0.027407169342041016,True
vtc_adaptive_fairness_07_03,16000,4000000,0.0111154294597745,1.999986665508344,1.0373048084822103,0.5935474504781787,0.8911421626385656,0.0,0.02655792236328125,True
vtc_adaptive_fairness_07_03,16000,4000000,0.0280511481555868,1.9999931195097127,1.0613601491950309,0.6069159044661898,0.8503231584791822,0.0,0.027189016342163086,True
vtc_adaptive_fairness_07_03,16000,4000000,0.0153031367041198,1.9999739080349557,1.0165142955411501,0.5797708067149286,0.9395094069753224,0.0,0.027246475219726562,True
vtc_adaptive_fairness_07_03,2000,4000000,0.0192054988375619,1.9999865856682488,1.0427737793238727,0.5955786341452651,0.8922576339529295,0.0,0.025304555892944336,True
vtc_adaptive_fairness_07_03,2000,4000000,0.0105357831170499,1.9999934004834143,0.7880046561989563,0.4545969490692258,0.890116873126005,0.0,0.027478694915771484,True
vtc_adaptive_fairness_07_03,2000,4000000,0.0106042230307553,1.999996593400709,0.7960908070883167,0.458962304521966,0.8423488657399589,0.0,0.0275876522064209,True
vtc_adaptive_fairness_07_03,2000,4000000,0.0200958417066007,1.9999738115930052,1.0230368597844466,0.5851594055081958,0.9394489785210027,0.0,0.028345108032226562,True
vtc_adaptive_fairness_07_03,2000,4000000,0.0167884908438153,1.9999872626473951,0.7545808270467469,0.43674904868270986,0.9307267237386405,0.0,0.02724003791809082,True
vtc_adaptive_fairness_07_03,4000,4000000,0.0117021422029009,1.9999933665820144,0.7839280048941628,0.4531895613302516,0.8902372241511743,0.0,0.02839970588684082,True
vtc_adaptive_fairness_07_03,4000,4000000,0.0134048257372654,1.9999738309431825,1.0233488287113943,0.5852229104111435,0.9411122518350361,0.0,0.025087833404541016,True
vtc_adaptive_fairness_07_03,4000,4000000,0.0123703292249027,1.9999871133323144,0.7639140756380538,0.4398201739678657,0.932799334468997,0.0,0.027561664581298828,True
vtc_adaptive_fairness_07_03,500,4000000,0.0188327019162136,1.999986599997186,1.046678314490373,0.5975061136830896,0.8884802283156014,0.0,0.027326107025146484,True
vtc_adaptive_fairness_07_03,500,4000000,0.0159557084911282,1.9999931693006925,1.0626641530380565,0.607734752687864,0.8467572744546584,0.0,0.027232646942138672,True
vtc_adaptive_fairness_07_03,500,4000000,0.0169748130476671,1.9999737854435549,1.0230901756227544,0.5849737245872172,0.9379494296559503,0.0,0.02820611000061035,True
vtc_adaptive_fairness_07_03,500,4000000,0.0096177497909184,1.999986885568388,0.7759892969782493,0.4469566838008378,0.9343486858043191,0.0,0.027625322341918945,True
vtc_adaptive_fairness_07_03,8000,4000000,0.0200705931206311,1.9999740295660409,1.0250333240072054,0.587280239762614,0.9419095517242639,0.0,0.027411222457885742,True
vtc_adaptive_fairness_07_03_min2500,1000,4000000,0.010311415815445,1.9999933109117325,0.786030010004589,0.45415643180297677,0.8878665998048063,0.0,0.02579474449157715,True
vtc_adaptive_fairness_07_03_min2500,1000,4000000,0.0247162334609443,1.9999931129739827,1.0662778832746926,0.6088819963704257,0.8488004855139656,0.0,0.025470733642578125,True
vtc_adaptive_fairness_07_03_min2500,16000,4000000,0.0221496781279555,1.9999933502677631,0.7810523653062512,0.4517433602345855,0.8923330328831067,0.0,0.025647878646850586,True
vtc_adaptive_fairness_07_03_min2500,16000,4000000,0.0256708482179945,1.999993163492613,1.067343949994045,0.6099822465261544,0.8465025980118115,0.0,0.02552652359008789,True
vtc_adaptive_fairness_07_03_min2500,16000,4000000,0.0123308839761581,1.9999966367757875,0.7996110736169718,0.46155554803486,0.840544400058161,0.0,0.025943994522094727,True
vtc_adaptive_fairness_07_03_min2500,2000,4000000,0.0213212874082439,1.9999865942973212,1.0443186439449923,0.5975884640770449,0.894332278631822,0.0,0.02604508399963379,True
vtc_adaptive_fairness_07_03_min2500,2000,4000000,0.0188717578274904,1.999993378434362,0.7831109384510766,0.45254928281742707,0.8886284642082962,0.0,0.025591373443603516,True
vtc_adaptive_fairness_07_03_min2500,2000,4000000,0.0238505117531065,1.9999931339600103,1.0649435628236417,0.6092691299913005,0.8492202611646602,0.0,0.027459383010864258,True
vtc_adaptive_fairness_07_03_min2500,2000,4000000,0.0130451342601409,1.999987028630148,0.7707723341380284,0.4455881497833197,0.9372791381494743,0.0,0.02524590492248535,True
vtc_adaptive_fairness_07_03_min2500,4000,4000000,0.0103408489559386,1.9999933825449203,0.7867469149789195,0.4535141248688571,0.8909432261617212,0.0,0.026361703872680664,True
vtc_adaptive_fairness_07_03_min2500,4000,4000000,0.0163077566380932,1.9999871495893813,0.762903570684691,0.44154999344400203,0.9375500580300603,0.0,0.026014328002929688,True
vtc_adaptive_fairness_07_03_min2500,500,4000000,0.0194621787834539,1.999993285226232,0.7873658397325491,0.4545335413299928,0.8952775841259766,0.0,0.02631664276123047,True
vtc_adaptive_fairness_07_03_min2500,500,4000000,0.0255816580076801,1.9999739829715948,1.0202076030547236,0.5834485161417263,0.937923733535071,0.0,0.025584936141967773,True
vtc_adaptive_fairness_07_03_min2500,8000,4000000,0.0145440926327616,1.9999933499042637,0.785298941005853,0.4527667751992127,0.8899399996372529,0.0,0.025916099548339844,True
vtc_adaptive_fairness_07_03_min2500,8000,4000000,0.0203943814154511,1.999993161681042,1.0558606603531027,0.6042762815841944,0.850915368381636,0.0,0.025801420211791992,True
vtc_adaptive_fairness_07_03_min2500,8000,4000000,0.0147276508834716,1.9999966123237665,0.7940527750635408,0.45785317484118276,0.8449575686499086,0.0,0.025701045989990234,True
vtc_adaptive_fairness_07_03_min2500,8000,4000000,0.0216649104320337,1.9999737216985976,1.0248969606312375,0.5849780209323386,0.9378444771758614,0.0,0.026193618774414062,True
vtc_adaptive_fairness_07_03_min5000,1000,4000000,0.0078862716613053,1.9999933114683,0.787679273474196,0.45394979614261016,0.8918581215188655,0.0,0.026845216751098633,True
vtc_adaptive_fairness_07_03_min5000,1000,4000000,0.0142075773745997,1.9999739276100088,1.0260055948128475,0.5856077403854497,0.9418351730198264,0.0,0.026471376419067383,True
vtc_adaptive_fairness_07_03_min5000,1000,4000000,0.0114967844242797,1.9999869990692636,0.7715037360814352,0.44571975097056954,0.9358826332528969,0.0,0.025571584701538086,True
vtc_adaptive_fairness_07_03_min5000,16000,4000000,0.0236049953078755,1.999993169313057,1.0642877591312503,0.6086702736811396,0.8446768250209563,0.0,0.025437355041503906,True
vtc_adaptive_fairness_07_03_min5000,16000,4000000,0.0137824959285843,1.9999966184864104,0.7918184589404582,0.4576946349834121,0.8416483479026451,0.0,0.02568650245666504,True
vtc_adaptive_fairness_07_03_min5000,16000,4000000,0.0171399917946847,1.99997426912412,1.012950010323509,0.5797550386906603,0.9373172784059393,0.0,0.0258328914642334,True
vtc_adaptive_fairness_07_03_min5000,16000,4000000,0.0114396176201888,1.9999870144120548,0.7669493974415397,0.4432122254389951,0.9384599430652796,0.0,0.026970386505126953,True
vtc_adaptive_fairness_07_03_min5000,2000,4000000,0.0267779614016414,1.999986651792314,1.0393827427821947,0.5948215971727419,0.8924129734349912,0.0,0.025881052017211914,True
vtc_adaptive_fairness_07_03_min5000,2000,4000000,0.0116492437722419,1.999987038579926,0.7690293731408265,0.4437413869569311,0.9370632774464174,0.0,0.02573394775390625,True
vtc_adaptive_fairness_07_03_min5000,4000,4000000,0.0157705070110964,1.9999865263865897,1.049554670992211,0.5997442134087692,0.8904141421425592,0.0,0.02602672576904297,True
vtc_adaptive_fairness_07_03_min5000,4000,4000000,0.0113023886876532,1.99999332503368,0.7868153949577892,0.45472918308604265,0.8872134929910916,0.0,0.025408029556274414,True
vtc_adaptive_fairness_07_03_min5000,4000,4000000,0.0208704814394553,1.999993219355215,1.0622808568994786,0.6067552522120764,0.8430012478641246,0.0,0.02529168128967285,True
vtc_adaptive_fairness_07_03_min5000,4000,4000000,0.0114940109045744,1.9999965607041397,0.8046862862171215,0.4628985292055349,0.8361341680806744,0.0,0.025414705276489258,True
vtc_adaptive_fairness_07_03_min5000,500,4000000,0.0161890367959076,1.999993347072073,0.7848518313792435,0.4545745056808434,0.8967908770572405,0.0,0.025455951690673828,True
vtc_adaptive_fairness_07_03_min5000,8000,4000000,0.0222405523477835,1.9999865815147484,1.0514844059863138,0.6011521361500665,0.8945267325144081,0.0,0.025586843490600586,True
vtc_adaptive_fairness_07_03_min5000,8000,4000000,0.0270941054808686,1.9999931328029383,1.0624268866829747,0.6072138640542969,0.8463094872648574,0.0,0.02631235122680664,True
vtc_adaptive_fairness_07_03_min5000,8000,4000000,0.0083149253875314,1.9999965959702448,0.7998833830947369,0.4625172503896494,0.8449539610210064,0.0,0.03003072738647461,True
vtc_adaptive_fairness_07_03_min5000,8000,4000000,0.016089394055756,1.9999869236509245,0.7693164746857499,0.44289406121695213,0.9369686784713818,0.0,0.025730133056640625,True
vtc_adaptive_fairness_07_03_min500,1000,4000000,0.014594301641375,1.9999931351105664,1.0653316689456869,0.6084231735969221,0.8432622539172698,0.0,0.025409460067749023,True
vtc_adaptive_fairness_07_03_min500,16000,4000000,0.0169652678088704,1.9999865450573069,1.04777121327061,0.5968854183053034,0.8903294402875053,0.0,0.026035785675048828,True
vtc_adaptive_fairness_07_03_min500,16000,4000000,0.0264133721261908,1.9999741398025548,1.0102590148354924,0.5776679561402512,0.936206444707125,0.0,0.025641441345214844,True
vtc_adaptive_fairness_07_03_min500,16000,4000000,0.0207474644560737,1.9999869613046728,0.768449926846063,0.443301048514482,0.9338216044224503,0.0,0.02596449851989746,True
vtc_adaptive_fairness_07_03_min500,2000,4000000,0.0275940783510691,1.999986702468055,1.0430608030656374,0.5960859002259853,0.8966315125676775,0.0,0.025685787200927734,True
vtc_adaptive_fairness_07_03_min500,2000,4000000,0.0214829262932337,1.999993208790935,1.0587025278483086,0.604959611293277,0.8474808392859072,0.0,0.02586817741394043,True
vtc_adaptive_fairness_07_03_min500,2000,4000000,0.0107109266943291,1.9999965992964048,0.801600883045794,0.4619699058697656,0.8376191775165788,0.0,0.025580883026123047,True
vtc_adaptive_fairness_07_03_min500,4000,4000000,0.0109303940970629,1.9999932267448752,1.062774051782319,0.6072310991116779,0.8442552694420882,0.0,0.025647401809692383,True
vtc_adaptive_fairness_07_03_min500,4000,4000000,0.0105292648191814,1.999996586972707,0.8006502421222648,0.46204779755312503,0.8444368143978555,0.0,0.02529120445251465,True
vtc_adaptive_fairness_07_03_min500,4000,4000000,0.0191929395502153,1.9999735306920228,1.0359066267849146,0.5924595463747975,0.9403628256578634,0.0,0.025550127029418945,True
vtc_adaptive_fairness_07_03_min500,500,4000000,0.0212424498847422,1.999986665009572,1.0404650036570746,0.5947967966525534,0.8889096167314222,0.0,0.025616884231567383,True
vtc_adaptive_fairness_07_03_min500,500,4000000,0.0119882468168462,1.9999933474383165,0.7846734851598128,0.45159224806844556,0.8880117547722421,0.0,0.025577068328857422,True
vtc_adaptive_fairness_07_03_min500,500,4000000,0.0212384434456579,1.9999965882314148,0.7993799184699443,0.4602710102608873,0.8423477988142012,0.0,0.025292158126831055,True
vtc_adaptive_fairness_07_03_min500,8000,4000000,0.0204669647292598,1.999986576391107,1.044856558437482,0.5973961277195853,0.8921136321228563,0.0,0.025232553482055664,True
vtc_adaptive_fairness_only,1000,4000000,0.0234604105571847,1.9999931631434635,1.0658312842386515,0.6079665535571336,0.841385929171305,0.0,0.026607990264892578,True
vtc_adaptive_fairness_only,1000,4000000,0.0162162162162162,1.999996628648668,0.7945622966024606,0.46017278071893736,0.8440586292695531,0.0,0.025047779083251953,True
vtc_adaptive_fairness_only,16000,4000000,0.0260936300844205,1.999986547879058,1.0477757935597962,0.5998158006498439,0.8967968289517945,0.0,0.025026559829711914,True
vtc_adaptive_fairness_only,16000,4000000,0.0140247835215655,1.999987232571039,0.7554917718016813,0.4365449014034774,0.9347528330807652,0.0,0.025775432586669922,True
vtc_adaptive_fairness_only,2000,4000000,0.0179613674263479,1.999986546158817,1.0514965138155075,0.602116552476734,0.8942110942048558,0.0,0.02524423599243164,True
vtc_adaptive_fairness_only,2000,4000000,0.0130934918551686,1.999996659706776,0.7870571452956665,0.45275653990669884,0.8364670344374703,0.0,0.025424718856811523,True
vtc_adaptive_fairness_only,4000,4000000,0.0225673455469791,1.9999742600603911,1.0190605415324536,0.5832202006217111,0.9391062479778397,0.0,0.02599787712097168,True
vtc_adaptive_fairness_only,500,4000000,0.0191526529581377,1.9999737791163248,1.0239156530881435,0.5862256113166778,0.9399777500861991,0.0,0.026829242706298828,True
vtc_adaptive_fairness_only,8000,4000000,0.0248478519212071,1.999986640919265,1.0455958470254825,0.5969785590075061,0.8937210911849172,0.0,0.025240659713745117,True
vtc_adaptive_fairness_only,8000,4000000,0.0137741046831955,1.9999965933288144,0.7970672508882026,0.4605060022197361,0.8449017743358477,0.0,0.026192426681518555,True
vtc_adaptive_fairness_only,8000,4000000,0.0169506385714703,1.999973715382008,1.0265610769837632,0.5869023329772675,0.9365445908641187,0.0,0.026629209518432617,True
vtc_adaptive_fairness_only_min2500,1000,4000000,0.0124373275292471,1.999996650598864,0.7940704151217565,0.45840486960623855,0.8376905874951188,0.0,0.025342226028442383,True
vtc_adaptive_fairness_only_min2500,16000,4000000,0.0141905747001288,1.9999933340881368,0.7890513376895313,0.4549122026368332,0.8947944543889117,0.0,0.02550816535949707,True
vtc_adaptive_fairness_only_min2500,16000,4000000,0.0144832756448088,1.99998723870857,0.7513771933808211,0.43219674038538036,0.9368216738489792,0.0,0.025330543518066406,True
vtc_adaptive_fairness_only_min2500,2000,4000000,0.0094711917916337,1.9999932857859557,0.7924897263041595,0.45719736767321273,0.8871980200153456,0.0,0.025608062744140625,True
vtc_adaptive_fairness_only_min2500,2000,4000000,0.0216892964203844,1.9999737849968653,1.0269543552381084,0.5867207147475524,0.9380491858545288,0.0,0.025517940521240234,True
vtc_adaptive_fairness_only_min2500,4000,4000000,0.0163938128034323,1.9999866195299467,1.041831986576899,0.5967379305714884,0.8984792900568208,0.0,0.025266647338867188,True
vtc_adaptive_fairness_only_min2500,4000,4000000,0.009314052342057,1.99999327996483,0.7892554614549843,0.4547463391272952,0.8921956556229782,0.0,0.0257875919342041,True
vtc_adaptive_fairness_only_min2500,4000,4000000,0.0154142036937522,1.9999966139207508,0.7957058089988271,0.4590537169917533,0.8424279224332939,0.0,0.02552032470703125,True
vtc_adaptive_fairness_only_min2500,500,4000000,0.0147944998679062,1.9999933554362528,0.7838346687265919,0.4523110199509142,0.8842458354385173,0.0,0.025534629821777344,True
vtc_adaptive_fairness_only_min2500,8000,4000000,0.0135996038950321,1.9999932763809176,0.7864359217618617,0.45425982022624556,0.8968235374649044,0.0,0.026401042938232422,True
vtc_adaptive_fairness_only_min2500,8000,4000000,0.0102061596329615,1.9999965918063756,0.7942894122422377,0.459367613752288,0.8457174449731362,0.0,0.028583765029907227,True
vtc_adaptive_fairness_only_min5000,1000,4000000,0.013494826188546,1.999986508443084,1.0526709299360304,0.602181337049678,0.8934158845754993,0.0,0.02599167823791504,True
vtc_adaptive_fairness_only_min5000,1000,4000000,0.0094133351745724,1.999993313275836,0.7894748444985964,0.4559462712673894,0.8927450959727615,0.0,0.026346206665039062,True
vtc_adaptive_fairness_only_min5000,1000,4000000,0.0343071562583757,1.9999736629017344,1.028757769208176,0.5883984519836826,0.9399925492635096,0.0,0.02559947967529297,True
vtc_adaptive_fairness_only_min5000,16000,4000000,0.0227824117932484,1.999986541281657,1.0449329350088867,0.5973385105296333,0.8920995151595401,0.0,0.026034116744995117,True
vtc_adaptive_fairness_only_min5000,16000,4000000,0.0194681257157399,1.9999932087480423,1.0656650784122985,0.6093997239475841,0.8396462178106485,0.0,0.02765369415283203,True
vtc_adaptive_fairness_only_min5000,16000,4000000,0.0116783615581066,1.9999965822925845,0.8036426353778637,0.46323284762200656,0.8396855372452317,0.0,0.027718305587768555,True
vtc_adaptive_fairness_only_min5000,16000,4000000,0.0370994940978077,1.9999739120986424,1.0220713114887001,0.5844198571664184,0.9386022478642315,0.0,0.028627395629882812,True
vtc_adaptive_fairness_only_min5000,2000,4000000,0.0196648925684999,1.99999333617168,0.7861237225283595,0.4521365221060561,0.8851423094630362,0.0,0.027810096740722656,True
vtc_adaptive_fairness_only_min5000,2000,4000000,0.013093476033246,1.9999966253745811,0.7986495108234943,0.4607521491982585,0.8458966621505947,0.0,0.02840113639831543,True
vtc_adaptive_fairness_only_min5000,2000,4000000,0.0161780183431063,1.9999737241808877,1.021785476363135,0.5839579417698794,0.9415098360339363,0.0,0.027689218521118164,True
vtc_adaptive_fairness_only_min5000,2000,4000000,0.0180395352431262,1.9999870585216888,0.7679519978324838,0.44337631107266573,0.935029399001379,0.0,0.026096105575561523,True
vtc_adaptive_fairness_only_min5000,4000,4000000,0.0254564155309848,1.9999966175574917,0.7992089983361178,0.4611657520043245,0.8398312770801607,0.0,0.025622844696044922,True
vtc_adaptive_fairness_only_min5000,500,4000000,0.0157364257071637,1.99999321241799,1.0664959527098858,0.6100283133519125,0.8436789292637863,0.0,0.025337696075439453,True
vtc_adaptive_fairness_only_min5000,500,4000000,0.0158336287368545,1.9999966033262304,0.7980216591343,0.46075125400603273,0.8447854223565934,0.0,0.025972843170166016,True
vtc_adaptive_fairness_only_min5000,8000,4000000,0.0243923788404866,1.9999865043490748,1.052075538323523,0.601410989984578,0.8932827985534276,0.0,0.02557229995727539,True
vtc_adaptive_fairness_only_min5000,8000,4000000,0.0221272315815941,1.999993369091612,0.7787300737055105,0.4498485190909325,0.893022110287628,0.0,0.025912761688232422,True
vtc_adaptive_fairness_only_min5000,8000,4000000,0.0116523462598146,1.9999966148591168,0.7932319409037412,0.4571259149725448,0.8393671209638689,0.0,0.025285005569458008,True
vtc_adaptive_fairness_only_min5000,8000,4000000,0.0160563789596047,1.999973738033735,1.0279901949384664,0.5880007653441015,0.9403860825623384,0.0,0.025229215621948242,True
vtc_adaptive_fairness_only_min500,1000,4000000,0.0206023129292148,1.9999865963142949,1.0491703351519839,0.5987779610928325,0.8927059701042388,0.0,0.02540302276611328,True
vtc_adaptive_fairness_only_min500,2000,4000000,0.019815779905466,1.9999866283059509,1.0411036842004717,0.5956533644837924,0.891052653094568,0.0,0.025539875030517578,True
vtc_adaptive_fairness_only_min500,2000,4000000,0.0158045051429062,1.9999966112384449,0.8016681537057118,0.4604900885738453,0.8396155816329084,0.0,0.025769710540771484,True
vtc_adaptive_fairness_only_min500,4000,4000000,0.0104953408533594,1.9999869689360936,0.7695373215351877,0.44453458047759353,0.9379544817953568,0.0,0.025863170623779297,True
vtc_adaptive_fairness_only_min500,500,4000000,0.0214434592150351,1.9999931822046269,1.0635245443040608,0.6084528966543924,0.8484423352715266,0.0,0.025060176849365234,True
vtc_adaptive_fairness_only_min500,8000,4000000,0.0117249436701994,1.999993308818853,0.7876958261755581,0.45295369415115094,0.8872279101730415,0.0,0.025675535202026367,True
vtc_adaptive_fairness_only_min500,8000,4000000,0.0177322229340166,1.999993151144415,1.065523210639759,0.6086145912759866,0.8421777551982589,0.0,0.026293516159057617,True
vtc_adaptive_utilization_only,1000,4000000,0.0172005229612681,1.99998653056884,1.0479531264879587,0.5993491245955539,0.8901657093002906,0.0,0.025681018829345703,True
vtc_adaptive_utilization_only,1000,4000000,0.0164317560765137,1.9999738764694,1.0240890925187272,0.585247616798504,0.9374236537801889,0.0,0.025783777236938477,True
vtc_adaptive_utilization_only,1000,4000000,0.0156116493606175,1.9999869549084013,0.7706760831454856,0.4445089399555847,0.939903804029779,0.0,0.025900602340698242,True
vtc_adaptive_utilization_only,16000,4000000,0.0157167479769799,1.999993199604693,1.062711755136721,0.6081162416103039,0.8417944329698063,0.0,0.0263824462890625,True
vtc_adaptive_utilization_only,16000,4000000,0.0137984451648067,1.9999965964366904,0.7965544668602261,0.4602483846043935,0.843402663129739,0.0,0.026057004928588867,True
vtc_adaptive_utilization_only,16000,4000000,0.0310933160191898,1.9999740597805329,1.0280284294863087,0.5875052357152426,0.9365440147479869,0.0,0.02583479881286621,True
vtc_adaptive_utilization_only,16000,4000000,0.0064367111471138,1.9999873152103629,0.7522428265835289,0.43534450014101717,0.9334178469862686,0.0,0.025783538818359375,True
vtc_adaptive_utilization_only,2000,4000000,0.0213050913811221,1.999993118413117,1.0662014762831769,0.6107451047413928,0.8476969437463386,0.0,0.02593517303466797,True
vtc_adaptive_utilization_only,4000,4000000,0.0177744515646194,1.9999931529768085,1.0622445319494858,0.6079802455555252,0.8448328008704392,0.0,0.025797128677368164,True
vtc_adaptive_utilization_only,4000,4000000,0.0123812109693184,1.9999738073127105,1.0235330329320913,0.584845875712662,0.9385775176677953,0.0,0.025322437286376953,True
vtc_adaptive_utilization_only,4000,4000000,0.0162910598490485,1.9999870092635643,0.7687576557446633,0.44506601578126653,0.9404805793254576,0.0,0.028789997100830078,True
vtc_adaptive_utilization_only,500,4000000,0.0175091911764705,1.9999965927385197,0.8011146398719577,0.4618132851799361,0.8407969030049974,0.0,0.025606393814086914,True
vtc_adaptive_utilization_only,500,4000000,0.0244055856082526,1.999973957916253,1.0209920395860712,0.5834766037886988,0.9412157155225745,0.0,0.02561807632446289,True
vtc_adaptive_utilization_only,500,4000000,0.0101055093121015,1.9999869782019009,0.7715611424133458,0.4470722363532599,0.9392755537309558,0.0,0.02636098861694336,True
vtc_adaptive_utilization_only,8000,4000000,0.0105902591119234,1.9999966195735517,0.8004041078778172,0.46335977162101133,0.83966206900045,0.0,0.02588367462158203,True
vtc_adaptive_utilization_only,8000,4000000,0.0160929599377674,1.9999741144320715,1.013182838530538,0.5791224595952243,0.9343618382744908,0.0,0.025330305099487305,True
vtc_adaptive_utilization_only,8000,4000000,0.0095580498070852,1.9999869361375695,0.7714594350659986,0.4448383076816206,0.9384574353426979,0.0,0.02539205551147461,True
vtc_adaptive_utilization_only_min2500,1000,4000000,0.01309460181721,1.9999933545237636,0.7833603128514608,0.4519326468120592,0.8915233203911507,0.0,0.026321887969970703,True
vtc_adaptive_utilization_only_min2500,1000,4000000,0.0171853602212615,1.9999966109610905,0.80085228058791,0.46193541782575637,0.8427306886295403,0.0,0.02571582794189453,True
vtc_adaptive_utilization_only_min2500,16000,4000000,0.0117440472009552,1.999986500548719,1.0499721271596891,0.6002539145029622,0.8945521029370984,0.0,0.025746822357177734,True
vtc_adaptive_utilization_only_min2500,16000,4000000,0.0129866339812058,1.9999739916227015,1.0168256160169062,0.5815741466660995,0.9381352815268775,0.0,0.02627277374267578,True
vtc_adaptive_utilization_only_min2500,2000,4000000,0.0205644140723867,1.999993132170722,1.0664508831457047,0.6100254156184783,0.8452500058418078,0.0,0.02586674690246582,True
vtc_adaptive_utilization_only_min2500,2000,4000000,0.0168683332873956,1.9999872460537853,0.7557382433324139,0.43592605175038385,0.9306873765110039,0.0,0.026343584060668945,True
vtc_adaptive_utilization_only_min2500,4000,4000000,0.0199342220883231,1.99998666555813,1.0376712004976565,0.5930365422038054,0.8863603750889313,0.0,0.02575230598449707,True
vtc_adaptive_utilization_only_min2500,4000,4000000,0.0094078102210931,1.999987182950248,0.7599296792921199,0.43902075957159514,0.935943647807776,0.0,0.026332616806030273,True
vtc_adaptive_utilization_only_min2500,500,4000000,0.0107954436312645,1.999993301933916,0.7886150140777585,0.45378158393230256,0.8872285170552873,0.0,0.02620983123779297,True
vtc_adaptive_utilization_only_min2500,500,4000000,0.0186850867166923,1.9999737708357923,1.022909143415381,0.5851602762430091,0.9365407684986683,0.0,0.025685787200927734,True
vtc_adaptive_utilization_only_min2500,500,4000000,0.0137749820845608,1.9999870684382215,0.7675733887001832,0.44294574714172186,0.9398028043631427,0.0,0.026026010513305664,True
vtc_adaptive_utilization_only_min2500,8000,4000000,0.0203643475118508,1.999993143375817,1.0611914215392926,0.6073604556588147,0.8476801500272141,0.0,0.02609395980834961,True
vtc_adaptive_utilization_only_min2500,8000,4000000,0.0137965871600183,1.999996608133624,0.7926607154798594,0.4582163159188533,0.8437373199318533,0.0,0.025804996490478516,True
vtc_adaptive_utilization_only_min2500,8000,4000000,0.0228523819442378,1.99997393676329,1.0229004984215866,0.5858633006309695,0.9351210662631286,0.0,0.025702953338623047,True
vtc_adaptive_utilization_only_min5000,16000,4000000,0.0103915188411882,1.9999965860569855,0.797159548201168,0.4608067489191324,0.8448038956069006,0.0,0.02554607391357422,True
vtc_adaptive_utilization_only_min5000,2000,4000000,0.0150106484541382,1.999987395229939,0.7532821527128822,0.4337991659139334,0.9337050888589541,0.0,0.0258328914642334,True
vtc_adaptive_utilization_only_min5000,4000,4000000,0.0126108279177638,1.999993358627223,0.7831291722996931,0.45309761795113257,0.8902085518417218,0.0,0.025959014892578125,True
vtc_adaptive_utilization_only_min5000,500,4000000,0.0139988740851942,1.999996616070491,0.7958672805424118,0.4591990446815117,0.8399274656417139,0.0,0.02652144432067871,True
vtc_adaptive_utilization_only_min5000,8000,4000000,0.0078321678321678,1.9999933447632587,0.7810900803330055,0.45285587931010346,0.8923521962817559,0.0,0.025534868240356445,True
vtc_adaptive_utilization_only_min5000,8000,4000000,0.0179342921331054,1.99999659395864,0.7984732506695587,0.46086778860238026,0.8419734975382448,0.0,0.027126073837280273,True
vtc_adaptive_utilization_only_min500,1000,4000000,0.0197663488653148,1.999986613637036,1.0418931786601349,0.5961968680052596,0.894775858010963,0.0,0.02558279037475586,True
vtc_adaptive_utilization_only_min500,16000,4000000,0.0167984700470357,1.9999865146708244,1.0461740422984194,0.5977764775066362,0.8985484104256511,0.0,0.025692224502563477,True
vtc_adaptive_utilization_only_min500,16000,4000000,0.0218864800538107,1.9999932012848347,1.064431783784295,0.6080467702235975,0.8476065496866182,0.0,0.02605271339416504,True
vtc_adaptive_utilization_only_min500,16000,4000000,0.0104720194647201,1.999996619818763,0.7980930830647727,0.4607359406655295,0.8399426357382729,0.0,0.02700948715209961,True
vtc_adaptive_utilization_only_min500,16000,4000000,0.0129886475193193,1.999973770343885,1.0335615922387573,0.5914868164909051,0.9398624443212166,0.0,0.025626182556152344,True
vtc_adaptive_utilization_only_min500,2000,4000000,0.0116172807050487,1.9999965820649703,0.7971773871472527,0.4599721885182849,0.8483818275747262,0.0,0.02628922462463379,True
vtc_adaptive_utilization_only_min500,2000,4000000,0.0175623825097211,1.999973611433638,1.0282845222511607,0.5874521853193959,0.9401233725511624,0.0,0.03202176094055176,True
vtc_adaptive_utilization_only_min500,2000,4000000,0.0104111051788574,1.9999869057407784,0.7721954817281642,0.4457380285023251,0.9336168780941431,0.0,0.028883695602416992,True
vtc_adaptive_utilization_only_min500,4000,4000000,0.0143310121860233,1.999986497939518,1.0507940630095196,0.6008243100117819,0.8949999546020899,0.0,0.028794050216674805,True
vtc_adaptive_utilization_only_min500,4000,4000000,0.0201234496236527,1.9999931598469884,1.0620257552968082,0.6070460636741968,0.8423139572851079,0.0,0.02865767478942871,True
vtc_adaptive_utilization_only_min500,4000,4000000,0.0140016941551646,1.9999966357389023,0.7941019190976359,0.45797471548428886,0.8394600729318206,0.0,0.02952122688293457,True
vtc_adaptive_utilization_only_min500,4000,4000000,0.0142021069059695,1.999986987234412,0.7729711164215501,0.44634804367491754,0.9370534689056771,0.0,0.02919602394104004,True
vtc_adaptive_utilization_only_min500,500,4000000,0.0273812855676835,1.999993150178936,1.0591387081375334,0.6064460835517673,0.8467973944801783,0.0,0.028436660766601562,True
vtc_adaptive_utilization_only_min500,500,4000000,0.0107044761212015,1.9999870970039504,0.7647858536895464,0.4419948485693248,0.9403610829896268,0.0,0.026731252670288086,True
vtc_adaptive_utilization_only_min500,8000,4000000,0.0166613899002691,1.9999736737700975,1.027636693835096,0.5868461695118958,0.9381377063619111,0.0,0.028292179107666016,True
